商品名,値段
デル Latitude ラップトップ 14インチ HD ノートブック PC i5-8265U 最大32GB 2TB M.2 WIN 10 または 11,"21,969 円 ～ 57,537 円"
安い高速ウィンドウ 11 ラップトップ インテル Core i5 32 Ram 1TB SSD 1 年保証付き,"21,926 円 ～ 25,913 円"
高速格安ウィンドウ 11 ラップトップ インテル Core i5 32 Ram 1TB SSD 保証,"21,926 円 ～ 27,907 円"
HP EliteBook 840 G10 14 WUXGA Intel Core i5-1335U 16GB RAM 512GB SSD ノートブック S,"97,575 円"
デル Latitude E7250 ラップトップ ブーツ インテル Core i7-5600U 2.60GHz 8GB RAM HDD/OSなし,"2,439 円"
Windows 11 ラップトップ HP Probook インテル Core i5 第7世代 8GB RAM 128GB SSD ウェブカメラ,"23,920 円"
デル Latitude 5480 14インチ ラップトップ Core i5-7440HQ @ 2.8GHz 16GB RAM 500GB HDD OSなし,"2,597 円"
デル Latitude 5480 14インチ ラップトップ Core i5-7440HQ @ 2.8GHz 16GB RAM 500GB HDD OSなし,"3,226 円"
"HP EliteBook 840 G3 ラップトップ i5 第6世代 8GB RAM 128GB SSD 14"" Windows 10 Pro","17,941 円"
"デル XPS 13 9310 13.4 ""ラップトップ Core i7-1165G7 @ 2.8GHz 8GB RAM 256GB HDD OSなし""","48,001 円"
"HP 14 G4 Chromebook, 16GB SSD, 4GB RAM, WiFi, 14インチ スクリーン 送料無料","6,062 円"
デル Latitude 5480 14インチ ラップトップ Core i7-6600U 2.60GHz 16GB RAM 256GB SSD OSなし,"5,823 円"
安い 高速 デル インテル Core i5 8GB RAM 256GB SSD ウィンドウズ 11 プロ ラップトップ,"23,912 円"
格安 高速 Windows 10 ラップトップ インテル Core i3 - i5 - i7 8GB Ram 250GB SSD Wi-Fi ロット,"16,942 円 ～ 25,893 円"
格安 高速 Windows 10 ラップトップ コア i5 8GB RAM 256GB SSD Wi-Fi,"15,946 円 ～ 26,910 円"
"ラップトップ HP EliteBook 745 G6 14"" FHD Ryzen 5 Pro 3500U、16GB RAM 256GB SSD、VG","39,670 円"
"デル Latitude 3500 Core i5-8265U @ 1.60GHz 8GB RAM 256GB SSD 15.6 ""Windows 11 H391""","18,884 円"
デル Latitude 7390 ラップトップ ブーツ Core i7-8650U 1.90GHz 16GB RAM 512GB HDD OSなし,"14,479 円"
安い 高速 メジャーブランド Windows 11 ラップトップ i3 i5 i7 6th 32GB RAM 1TB SSD wifi,"23,920 円 ～ 36,877 円"
Windows 11 ラップトップ デル Latitude インテル Core i5 第7世代 8GB RAM 128GB SSD ウェブカメラ,"17,740 円"
"新規出品""CyberpowerPC Tracer iii 15.6"""" ゲーミング ラップトップ コア i7-8750H CPU 16GB RAM 500GB SSD""","39,345 円"
"レノボ Yoga 2-in-1 タッチ ラップトップ PC 11.6"" Windows 10 4GB RAM 250GB SSD HDMI WiFi","14,163 円"
東芝 Z40 Windows 11 ゲーミング ラップトップ PC コンピューター SSD ウェブカメラ Wi-Fi スーパーライト付き,"13,502 円"
ASUS ラップトップPC - スティックキーボード - 動作可能,"3,985 円"
HP 15.6 FHD ノートブック AMD Ryzen 5500U 16GB RAM 512GB SSD ナチュラル シルバー 15-EF2,"53,508 円"
Fast Cheap ラップトップ インテル i7 3.30 GHz 128GB SSD Win11 Pro 8GB ノートブック コンピューター,"13,755 円"
"新規出品レノボ Flex 14AP| 14"" ラップトップ フリップ タブレット AMD Ryzen 5 3500U 8GB RAM 256GB SSD W11","15,738 円"
高速格安Core i5 ラップトップ 1TB SSD 32GB ラム保証 無料ウィンドウ 11 アップグレード,"17,939 円 ～ 59,802 円"
Getac S410 頑丈 ラップトップ i5-6300U Windows 10 Pro,"39,867 円 ～ 78,740 円"
"""高速 Dell E5470 CORE i5 14"""" HD 8GB RAM 128GB SSD ウィンドウズ 11 ビジネス ラップトップ""","23,920 円"
"東芝 Z50 Windows 11 ラップトップ 15"" インテル i5 8GB RAM 256GB SSD HDMI USB 3.0 スリム","24,916 円"
"""Getac V200 頑丈 タフブック スタイル ラップトップ 12.1"""" Core i5、SSD、シリアル、Windows 10""","39,867 円"
"デル Latitude 3540 15.6 ""Windows 10P ラップトップ インテル Core i5 16GB RAM 1TB HDD + AC","16,438 円"
Notebook Pc Laptop Hp Elitebook 8470p 8460p I5 4gb 320 Gb Hd,"12,615 円"
新規出品Dell Inspiron 13 7000、2in1 コア i7-8565U 1.8GHz 16GB 256GB SSD WCAM Wi-Fi W11,"22,033 円"
高速 レノボ ThinkPad X230 Windows 10 ラップトップ コア i5 8GB Ram 256GB SSD,"11,161 円 ～ 21,926 円"
"""マイクロソフト Surface Book 2 1832 13.5"""" Core i7 第8世代 1.9GHz 256GB SSD Windows 11""","39,867 円"
格安 ゲーミング ラップトップ i7 3.30GHz 16GB RAM 高速 128GB SSD 12.5インチ ポータブル コンピューター,"29,703 円 ～ 35,683 円"
ラップトップ HP EliteBook 840 G8 14in FHD i5-1145G7 16GB RAM 256GB SSD、新品未使用,"97,481 円"
デル Latitude 7400 ラップトップ インテル i7-8665U 1.90 GHz 16GB 256GB W10Pro タッチスクリーン,"45,483 円"
HP Spectre x360 コンバーチブル ラップトップ - 15 タッチ i7-7500U 16GB 説明を読む,"18,492 円"
"""Microsoft Surface 3 1657 128GB 4GB Ram 10.8"" ロック解除済み Windows 10 タブレット ラップトップ""","9,965 円"
HP EliteBook 840 G3 14インチ ラップトップ | i5-6300U 2.4GHz | 8GB RAM | SSD/OSなし | ブーツ,"10,228 円"
レノボ クアッドコア ゲーミング ラップトップ - インテル i7 4700MQ-16GB RAM-256GB SSD-NVIDIA-READ,"35,175 円"
ラップトップ HP Windows 11 CORE i5 Gen 6/7 TH 16GB RAM 1TB SSD ウェブカム Wi-Fi デル,"23,920 円 ～ 89,704 円"
"""デル Latitude 5590 15.6"""" FHD ラップトップ PC クアッド コア i5-8350U 8GB RAM 256GB SSD""","14,943 円"
デル Latitude 5480 ラップトップ Core i5-7440HQ 2.80GHz 8GB RAM 500GB HDD OSなし,"3,384 円"
デル Latitude Rugged Extreme 7414 ノートパソコン - 2.4GHz i5 8GB 512GB - 14インチ タッチスクリーン,"40,604 円"
レノボ Ideapad Y510P ゲーミング I7,"31,476 円"
"""14"""" レノボ ThinkPad X1 ヨガ (第3世代) ラップトップ i7-8650U 512GB SSD 16GB ラム OSなし""","20,456 円"
ジョブロット X 25 ラップトップ デル 東芝 Lenovo i3 i5 5TH 6TH 7TH 8TH GEN RAM SSD OS,"129,573 円"
レノボ ThinkPad Twist S230U 12.5インチ i5-3 1.7GHz 4GB 500GB + 24GB SSD ラップトップ,"3,225 円"
デル ノートパソコン Latitude 7480 14インチ i7 2.60GHz 16GB 新品 512GB SSD Windows 11 Pro Wi-Fi カム,"44,065 円"
デル Latitude Rugged Extreme 7414 ラップトップ i5-6300U 2.4GHz 16GB 256GB-Touch win11,"40,762 円"
"ASUS X556U Laptop 15,6'' Intel Core i7-6500U Geforce 930MX Used Working","9,204 円"
ジョブロット X 25 ラップトップ デル 東芝 Lenovo i3 i5 5TH 6TH 7TH 8TH GEN RAM SSD OS,"45,252 円"
"""レノボ ThinkPad ラップトップ コンピューター 15.6"""" インテル Core i5 8GB RAM 256GB SSD Windows 11""","29,895 円"
レノボ ThinkPad L390 13 FHD タッチ ラップトップ 8th-Gen Core i5 8GB RAM 256GB SSD Win11,"21,245 円"
エイサー Aspire 3 - 15.6インチ ラップトップ AMD Ryzen 3 7320U 2.40GHz 8GB RAM 128GB SSD W11H S,"31,475 円"
"HP Elitebook 830 G7 ラップトップ インテル Core i7-10610U 32GB 256GB 13.3"" FHD Windows 10 Pro","51,934 円"
"格安 ゲーミング ラップトップ Fast Ryzen 5 20GB RAM 512GB SSD 14"" FHD Win11 Vega 8 GPU PC","29,703 円"
エイサー Nitro 5 - 15.6インチ ラップトップ インテル Core i5-12450H 2.0GHz 16GB RAM 512GB SSD W11H,"94,427 円"
~ クリアランス ~ 15.6 レノボ ThinkPad ラップトップ: 16GB RAM! 256GB SSD! Windows 10 Pro!,"29,895 円"
エイサー Aspire 3 - 15.6インチ ラップトップ AMD Ryzen 5 7520U 2.80GHz 8GB RAM 512GB SSD W11H,"40,918 円"
レノボ ThinkPad T470 14' LCD i5 ラップトップ PC 16GB RAM 256GB SSD Windows 11 プロ カム Wi-Fi,"28,327 円"
格安 iCore ラップトップ レノボ HP デル Core i3 i5 8GB RAM 128GB SSD Windows 10 Windows,"15,946 円"
HP ラップトップ PC ProBook 14インチ Windows 10 Core i5 8GB RAM 256GB SSD コンピュータ Wi-Fi,"25,005 円"
"HP EliteBook x360 1040 G6 i7 8665U 1.90GHz 16GB RAM 256GB SSD 14"" FHD タッチ Windows ","45,662 円"
エイサー Aspire 3 15.6インチ ラップトップ インテル Core i3-1115G4 3 GHz 8 GB RAM 256GB SSD W11H S,"34,622 円"
デル 15.6インチ NVIDIA ゲーミング ラップトップ - インテル Quad Core i7 64GB RAM 2TB SSD Windows 11,"70,192 円 ～ 116,934 円"
15.6インチ Dell Latitude E6520 i5 デュアルコア PC ラップトップ: 16GB Ram 512GB SSD、Windows 10,"29,895 円"
エイサー Aspire 3 15.6インチ タッチスクリーン AMD Ryzen 5 7520U 2.8GHz 16GB RAM 512GB SSD W11H,"45,639 円"
Fast Cheap ゲーミング ラップトップ インテル i7 3.20 GHz 500GB SSD Win11 Pro 16GB RAM コンピューター,"25,716 円 ～ 33,690 円"
14インチHP EliteBook ラップトップ: インテル i5 QC! 8GB RAM! 256GB SSD! ウェブカメラ! Windows 11!,"31,475 円"
デル Latitude 14インチ ゲーミング ラップトップ PC Intel Core i7 4.2GHz 64GB RAM 2TB SSD Windows 11,"62,951 円 ～ 109,852 円"
高速格安ウィンドウズ 11 コア i5 ラップトップ 32 ラム 1TB SSD 1 年保証付き,"20,929 円 ～ 27,907 円"
レノボ ThinkPad T450S 14インチ インテル i5 第5世代 8GB RAM 250GB SSD Windows 10 Wi-Fi ラップトップ,"19,673 円"
ラップトップ HP ZBook Studio X360 G5 E-2176M 32GB RAM 256GB SSD P1000M Windows 11 Pro、G,"64,788 円"
富士通 Lifebook E5510 ラップトップ 15.6インチ i5 第10世代 1.6GHz 256GB SSD 16GB RAM Windows 11,"31,894 円"
デル Latitude 7410 ラップトップ 14、i7 第10世代 10610U、16GB RAM、256GB SSD、OSなし,"43,752 円"
"2023 HP 17-CN3053CL 17.3"" IPS FHD ラップトップ インテル Core i5-1335U 12GB 512GB SSD W11","54,926 円"
新規出品デル Latitude E5550 i5-5300U 8GB RAM 500GB HDD Win10 /スマートカードリーダー,"12,590 円"
HP 17.3 インチ 17-CN2008CA FHD ゲーミング ラップトップ インテル Core i5 16GB DDR4 RAM 1TB SSD,"56,813 円"
デル Latitude 7400 14インチ FHD i7-8665U 16GB 256GB SSD NVME ラップトップ Windows 11 Pro Wi-Fi,"37,770 円"
レノボ ThinkPad T480 14インチ FHD i5 8350U 16GB 512GB NVME Wi-Fi CAM Windows 11 プロ ラップトップ,"44,065 円"
レノボ ThinkPad L390 i5-8265U - 4GB RAM - 256GB SSD - Windows 11 Pro - Dグレード,"11,804 円"
HP Elitebook 830 G5 ラップトップ、13.3インチタッチ、i5 第8世代、8GB RAM、256GB SSD、Win 11,"59,802 円"
"""ASUS TUF506Q 15.6"" Ryzen 7 5800H 16 GB RAM RTX 3050 HDDなし""","47,214 円"
Toshiba Tecra X40 ゲーミング ラップトップ - HD 1080P タッチ Windows 11 PRO i5-7300U 2.6GHz 8GB,"21,245 円"
Fast Cheap ゲーミング ラップトップ i7 1TB SSD Win11 16GB RAM コンピュータ FHD 2in1 タッチ PC,"45,650 円 ～ 73,559 円"
レノボ ThinkPad E15 15.6インチ Ryzen 5 5500U 16GB 256GB SSD Windows 10 Wi-Fi ラップトップ L2,"45,850 円"
HP Pro X2 612 タブレット G2 i5-7th Gen 8GB RAM 256GB SSD Windows 11 Pro グレード A,"17,941 円"
デル ラップトップ Windows 11 Latitude 5450 インテル Core i5 第5世代 256GB SSD 8GB ウェブカメラ,"20,302 円"
レノボ ラップトップ ThinkPad T470 14インチ タッチスクリーン i5-7300U 2.60GHz 8 GB RAM + アダプター,"11,015 円"
"レノボ V330-15IKB ラップトップ、15.6"" Core i7 第8世代、16GB RAM、512GB SSD、Windows 11","39,867 円"
Lenovo i7 ゲーミング ラップトップ NVIDIA M1000M 32GB RAM 512GB SSD ウィンドウズ 10/11 FHD 15.6,"57,809 円 ～ 73,756 円"
"""レノボ Legion Pro 5I 16"""" ゲーミング ラップトップ RTX 4070 8GB i9-13900HX 16GB RAM 1TB SSD""","215,611 円"
HP EliteBook 830 G5 i5-8250U 16GB RAM 256GB NVMe Windows 11 Pro,"27,909 円"
"""HP 15 ラップトップ 15.6"""" HD Pentium クアッドコア N200 8GB 128GB SSD ウェブカメラ Win11 ホーム レッド""","30,919 円"
HP EliteBook 840 G4 Core i5-7200U 2.5GHz 8GB RAM 256GB SSD Windows 10 Pro,"17,310 円"
